Day,Date,PlantID,plantheightcm,OLlength(cm),OLwidth(cm),MRFLlength(cm),MRFLwidth(cm),numberofleaves,RGR_plantheightcm,RGR_OLlength(cm),RGR_OLwidth(cm),RGR_MRFLlength(cm),RGR_MRFLwidth(cm),RGR_numberofleaves
0,25-Jan,1,9.8,9,4.3,1.8,1.1,4,0,0,0,0,0,0
2,27-Jan,1,9.9,10.4,4.9,2.6,1.9,4,0.05,0.7,0.3,0.4,0.4,0
7,1-Feb,1,18.7,12.7,5.5,10,7,7,1.76,0.46,0.12,1.48,1.02,0.6
9,3-Feb,1,20.1,12.1,5.2,5.3,2.9,10,0.7,-0.3,-0.15,-2.35,-2.05,1.5
14,8-Feb,1,32.6,12.9,5.4,7.1,4.9,12,2.5,0.16,0.04,0.36,0.4,0.4
21,15-Feb,1,46.1,12,4.6,6.7,4.2,16,1.928571429,-0.128571429,-0.114285714,-0.057142857,-0.1,0.571428571
0,25-Jan,2,7.5,4.4,2.7,6.9,3,4,0,0,0,0,0,0
2,27-Jan,2,8.6,8.6,3.4,6.9,3.9,4,0.55,2.1,0.35,0,0.45,0
7,1-Feb,2,15,9.4,3.9,6.4,4,8,1.28,0.16,0.1,-0.1,0.02,0.8
9,3-Feb,2,18.8,10.2,5.1,3.6,2.3,10,1.9,0.4,0.6,-1.4,-0.85,1
14,8-Feb,2,33.8,9.9,4.8,6,3.4,14,3,-0.06,-0.06,0.48,0.22,0.8
2,27-Jan,3,6,2.3,1.8,2.3,1.8,2,2.316666667,0.633333333,0.25,0.308333333,0.133333333,1
7,1-Feb,3,7.4,5.5,4.5,5.5,4.5,2,0,0,0,0,0,0
9,3-Feb,3,8.1,6.4,5.8,6.4,5.8,2,0.05,0.7,0.3,0.4,0.4,0
14,8-Feb,3,9.5,7.3,6.8,4.7,5.8,4,1.76,0.46,0.12,1.48,1.02,0.6
2,27-Jan,4,6.2,2.7,2.1,2.7,2.1,2,0,0,0,0,0,0
7,1-Feb,4,7.8,6,5.3,6,5.3,2,0.05,0.7,0.3,0.4,0.4,0
9,3-Feb,4,8.9,6.9,6.5,6.9,6.5,2,1.76,0.46,0.12,1.48,1.02,0.6
14,8-Feb,4,11.3,7.9,8.1,5.5,6.3,4,0.7,-0.3,-0.15,-2.35,-2.05,1.5
23,17-Feb,4,15.6,4.3,7,10.1,13,8,2.5,0.16,0.04,0.36,0.4,0.4
0,25-Jan,5,8.2,4.3,3.2,2.9,2,4,0,0,0,0,0,0
2,27-Jan,5,9.5,6.2,4.9,4.5,3.2,4,0.05,0.7,0.3,0.4,0.4,0
7,1-Feb,5,12.2,10.1,7.9,6.8,5.6,6,1.76,0.46,0.12,1.48,1.02,0.6
9,3-Feb,5,13.3,10,8.4,5.2,4.1,7,0.7,-0.3,-0.15,-2.35,-2.05,1.5
14,8-Feb,5,25.1,10.9,8.8,6.1,5,12,2.5,0.16,0.04,0.36,0.4,0.4
0,25-Jan,6,5.4,7.2,4.5,3.7,2.8,4,0,0,0,0,0,0
2,27-Jan,6,6.9,8.5,5.2,4.4,3.2,4,0.05,0.7,0.3,0.4,0.4,0
7,1-Feb,6,12.7,10,5.2,4.8,3.9,7,1.76,0.46,0.12,1.48,1.02,0.6
9,3-Feb,6,15.3,10.3,5.8,5.5,5.2,8,0.7,-0.3,-0.15,-2.35,-2.05,1.5
14,8-Feb,6,30.1,10.1,5.9,5.1,4,14,2.5,0.16,0.04,0.36,0.4,0.4
2,27-Jan,7,4.6,2.7,1.5,2.7,1.5,2,0,0,0,0,0,0
7,1-Feb,7,6.1,6.8,5.2,3.9,2.8,2,0.05,0.7,0.3,0.4,0.4,0
9,3-Feb,7,7.3,7.8,6.4,5.5,4.6,2,1.76,0.46,0.12,1.48,1.02,0.6
14,8-Feb,7,9.1,8,7.5,8,7.5,2,0.7,-0.3,-0.15,-2.35,-2.05,1.5
2,27-Jan,8,4.9,2.1,1.7,2.1,1.7,2,0,0,0,0,0,0
7,1-Feb,8,6.6,5.5,5.5,3.9,3.2,2,0.05,0.7,0.3,0.4,0.4,0
9,3-Feb,8,7.3,6.1,6.2,5.4,4.4,2,1.76,0.46,0.12,1.48,1.02,0.6
14,8-Feb,8,9.6,7.4,7,4.9,3.7,3,0.7,-0.3,-0.15,-2.35,-2.05,1.5
0,25-Jan,9,7,3.8,2.3,3.8,2.3,2,0,0,0,0,0,0
2,27-Jan,9,7.1,9.2,4.6,6.4,3.9,2,0.05,0.7,0.3,0.4,0.4,0
7,1-Feb,9,12.7,10.4,5.3,9.5,6.5,7,1.76,0.46,0.12,1.48,1.02,0.6
9,3-Feb,9,16.4,10.9,5.1,7.1,4.9,8,0.7,-0.3,-0.15,-2.35,-2.05,1.5
14,8-Feb,9,29.2,10.3,5.4,6.1,3.9,12,2.5,0.16,0.04,0.36,0.4,0.4
0,25-Jan,10,4.7,4.6,3.1,4.6,3.1,2,0,0,0,0,0,0
2,27-Jan,10,6,9.2,4.4,3.9,2.5,4,0.05,0.7,0.3,0.4,0.4,0
7,1-Feb,10,13.3,11.1,4.9,4.6,2.6,13,1.76,0.46,0.12,1.48,1.02,0.6
9,3-Feb,10,17.8,10.9,5,6,4.4,9,0.7,-0.3,-0.15,-2.35,-2.05,1.5
14,8-Feb,10,30.2,11.6,4.7,6.1,4.6,13,2.5,0.16,0.04,0.36,0.4,0.4
23,17-Feb,10,42.7,10,6.7,6.7,4.2,23,1.92857143,-0.1285714,-0.1142857,-0.0571429,-0.1,0.57142857
2,27-Jan,11,6.6,2.2,1.6,2.2,1.6,2,0,0,0,0,0,0
7,1-Feb,11,7.5,2.5,3.9,2.5,3.9,2,0.05,0.7,0.3,0.4,0.4,0
9,3-Feb,11,8.1,3.4,5.2,3.3,2.4,2,1.76,0.46,0.12,1.48,1.02,0.6
14,8-Feb,11,10.1,3.5,6.8,3,4.3,4,0.7,-0.3,-0.15,-2.35,-2.05,1.5
9,3-Feb,12,7.3,6.2,6.2,6.2,6.2,2,0,0,0,0,0,0
14,8-Feb,12,10,7.8,7.4,4.3,5,3,0.05,0.7,0.3,0.4,0.4,0
23,17-Feb,12,15.4,4.2,7.8,10,12.3,7,1.76,0.46,0.12,1.48,1.02,0.6
2,27-Jan,13,5.9,2.1,2.3,2.1,2.3,2,0,0,0,0,0,0
7,1-Feb,13,7.4,4.8,4.2,4.8,4.2,2,0.05,0.7,0.3,0.4,0.4,0
9,3-Feb,13,7.6,6,5.1,6,5.1,2,1.76,0.46,0.12,1.48,1.02,0.6
14,8-Feb,13,10.2,7.1,7,3.6,3.6,4,0.7,-0.3,-0.15,-2.35,-2.05,1.5
2,27-Jan,14,5.5,2.7,2.1,2.7,2.1,2,0,0,0,0,0,0
7,1-Feb,14,6.7,6.5,6.2,6.5,6.2,2,0.05,0.7,0.3,0.4,0.4,0
9,3-Feb,14,8.1,7.1,6.7,7.1,6.7,2,1.76,0.46,0.12,1.48,1.02,0.6
14,8-Feb,14,10.4,8.3,8,3.2,2.3,4,0.7,-0.3,-0.15,-2.35,-2.05,1.5
9,3-Feb,15,7.6,8,5.7,5.4,4.4,2,0,0,0,0,0,0
14,8-Feb,15,9.6,8.5,6.7,3.1,2.8,3,0.05,0.7,0.3,0.4,0.4,0
23,17-Feb,15,12.5,4.1,7,10,10.5,7,1.76,0.46,0.12,1.48,1.02,0.6
2,27-Jan,16,6.2,2.7,1.7,2.7,1.7,2,0,0,0,0,0,0
7,1-Feb,16,7,7.2,6.1,4,3,2,0.05,0.7,0.3,0.4,0.4,0
9,3-Feb,16,8.3,8.2,7,5.6,4.9,2,1.76,0.46,0.12,1.48,1.02,0.6
14,8-Feb,16,9.8,7.6,7.7,4.4,3.9,3,0.7,-0.3,-0.15,-2.35,-2.05,1.5
0,25-Jan,17,0.7,5.9,2.4,5.9,2.4,2,0,0,0,0,0,0
2,27-Jan,17,0.8,7.1,3.1,3.5,2.1,4,0.05,0.7,0.3,0.4,0.4,0
7,1-Feb,17,1.8,7.9,3.5,5.6,3.3,6,1.76,0.46,0.12,1.48,1.02,0.6
9,3-Feb,17,3.1,7.7,4.2,4.7,3.2,8,0.7,-0.3,-0.15,-2.35,-2.05,1.5
14,8-Feb,17,3.1,7.9,4.1,6.5,3.6,10,2.5,0.16,0.04,0.36,0.4,0.4
0,25-Jan,18,0.2,4.5,1.9,4.5,1.9,2,0,0,0,0,0,0
2,27-Jan,18,0.4,5.6,2.5,3.2,1.9,4,0.05,0.7,0.3,0.4,0.4,0
7,1-Feb,18,1.4,7.1,3.5,6,3.6,6,1.76,0.46,0.12,1.48,1.02,0.6
9,3-Feb,18,2.9,6.9,3.7,7.2,4.4,6,0.7,-0.3,-0.15,-2.35,-2.05,1.5
14,8-Feb,18,2.7,7.1,3.1,6.1,3.4,8,2.5,0.16,0.04,0.36,0.4,0.4
2,27-Jan,19,4.6,3.1,2,3.1,2,2,0,0,0,0,0,0
7,1-Feb,19,6.7,8.1,5.7,8.1,5.7,2,0.05,0.7,0.3,0.4,0.4,0
9,3-Feb,19,7.9,8.7,6.4,8.7,6.4,2,1.76,0.46,0.12,1.48,1.02,0.6
14,8-Feb,19,11.8,8.7,8,5.1,4.4,4,0.7,-0.3,-0.15,-2.35,-2.05,1.5
2,27-Jan,20,5.5,3.6,2.3,3.6,2.3,2,0,0,0,0,0,0
7,1-Feb,20,7.4,7.9,6.1,6.4,4.6,2,0.05,0.7,0.3,0.4,0.4,0
9,3-Feb,20,8.3,8.9,6.5,8.9,6.5,2,1.76,0.46,0.12,1.48,1.02,0.6
14,8-Feb,20,12.4,9.6,7.2,6.2,5.4,4,0.7,-0.3,-0.15,-2.35,-2.05,1.5
23,17-Feb,20,20.5,4.8,7.6,4.9,4.8,8,2.5,0.16,0.04,0.36,0.4,0.4
2,27-Jan,21,5.9,3.1,2.1,3.1,2.1,2,0,0,0,0,0,0
7,1-Feb,21,6.7,7.9,6.8,4.7,4,2,0.05,0.7,0.3,0.4,0.4,0
9,3-Feb,21,8.1,8.5,7.3,6.5,6,2,1.76,0.46,0.12,1.48,1.02,0.6
14,8-Feb,21,10.7,8.1,8.1,4.5,4.8,4,0.7,-0.3,-0.15,-2.35,-2.05,1.5
2,27-Jan,22,5.1,3,2,3,2,2,0,0,0,0,0,0
7,1-Feb,22,6.1,8.4,6.6,8.4,6.6,2,0.05,0.7,0.3,0.4,0.4,0
9,3-Feb,22,7.4,9.5,7.5,4.7,3.6,2,1.76,0.46,0.12,1.48,1.02,0.6
14,8-Feb,22,10.5,10.3,8.2,10.3,8.2,4,0.7,-0.3,-0.15,-2.35,-2.05,1.5
0,25-Jan,23,0.6,3.3,1.8,3.3,1.8,2,0,0,0,0,0,0
2,27-Jan,23,0.7,4.6,2.4,2.1,1.2,4,0.05,0.7,0.3,0.4,0.4,0
7,1-Feb,23,1,6.8,3.7,4,2.4,6,1.76,0.46,0.12,1.48,1.02,0.6
9,3-Feb,23,1.2,7.1,3.7,5.1,3.1,6,0.7,-0.3,-0.15,-2.35,-2.05,1.5
14,8-Feb,23,2,7,3.8,6,3.6,8,2.5,0.16,0.04,0.36,0.4,0.4
0,25-Jan,24,1.2,3.7,2.1,3.7,2.1,2,0,0,0,0,0,0
2,27-Jan,24,1,5.1,2.8,2.4,1.4,4,0.05,0.7,0.3,0.4,0.4,0
7,1-Feb,24,2.2,8.1,4.3,4.1,2.6,6,1.76,0.46,0.12,1.48,1.02,0.6
9,3-Feb,24,2.8,6.6,4.5,5,2.9,6,0.7,-0.3,-0.15,-2.35,-2.05,1.5
14,8-Feb,24,3,7.6,4.8,5.1,2.2,9,2.5,0.16,0.04,0.36,0.4,0.4
0,25-Jan,25,0.1,2.9,2,2.9,2,2,0,0,0,0,0,0
2,27-Jan,25,0.7,3.8,2.6,3,1.5,4,0.05,0.7,0.3,0.4,0.4,0
7,1-Feb,25,1.8,6,3.8,4,2.1,7,1.76,0.46,0.12,1.48,1.02,0.6
9,3-Feb,25,2.6,5.8,3.4,5.4,3.1,7,0.7,-0.3,-0.15,-2.35,-2.05,1.5
14,8-Feb,25,2.3,7.1,4.1,5,2.8,9,2.5,0.16,0.04,0.36,0.4,0.4
7,1-Feb,26,1.2,5.8,2.9,2.9,2.4,4,0,0,0,0,0,0
9,3-Feb,26,2.8,7.4,4.2,3.4,2.9,4,0.05,0.7,0.3,0.4,0.4,0
14,8-Feb,26,3.5,6.1,3.3,4.2,2.8,6,1.76,0.46,0.12,1.48,1.02,0.6
21,15-Feb,26,4.5,6.6,3.2,6.1,2.8,12,0.7,-0.3,-0.15,-2.35,-2.05,1.5
2,27-Jan,27,5.8,2.7,1.9,2.7,1.9,2,0,0,0,0,0,0
7,1-Feb,27,6.4,6.5,6.2,4.1,2.6,6,0.05,0.7,0.3,0.4,0.4,0
9,3-Feb,27,8.2,7.3,6.6,5.9,5.6,2,1.76,0.46,0.12,1.48,1.02,0.6
14,8-Feb,27,9.2,7.6,7.5,3.7,3.6,3,0.7,-0.3,-0.15,-2.35,-2.05,1.5
7,1-Feb,28,6.3,5.5,4.6,2.8,2.1,2,0,0,0,0,0,0
9,3-Feb,28,7.6,6.6,5.5,4.3,3.5,2,0.05,0.7,0.3,0.4,0.4,0
14,8-Feb,28,9.5,7.8,7,2.9,1.8,3,1.76,0.46,0.12,1.48,1.02,0.6
0,25-Jan,29,1.9,1.6,0.7,1.6,0.7,2,0,0,0,0,0,0
2,27-Jan,29,2.6,2.7,1.4,2.7,1.4,2,0.05,0.7,0.3,0.4,0.4,0
7,1-Feb,29,2.5,5.4,2.2,3,0.8,6,1.76,0.46,0.12,1.48,1.02,0.6
9,3-Feb,29,3.6,6.2,3.1,4.7,2.3,6,0.7,-0.3,-0.15,-2.35,-2.05,1.5
14,8-Feb,29,3.7,5.1,2.8,3.8,2,8,2.5,0.16,0.04,0.36,0.4,0.4
0,25-Jan,30,0.9,3,1.5,3,1.5,2,0,0,0,0,0,0
2,27-Jan,30,1.1,3.9,1.5,3.9,1.5,2,0.05,0.7,0.3,0.4,0.4,0
7,1-Feb,30,1.8,7.4,3.3,4.8,2.2,8,1.76,0.46,0.12,1.48,1.02,0.6
9,3-Feb,30,4.1,7.8,3.7,6.2,3.3,12,0.7,-0.3,-0.15,-2.35,-2.05,1.5
14,8-Feb,30,4.4,8.4,3.7,4.5,2.6,13,2.5,0.16,0.04,0.36,0.4,0.4
2,27-Jan,31,6.1,2.1,1.4,2.1,1.4,2,0,0,0,0,0,0
7,1-Feb,31,8.3,6.6,5.1,3.5,2.3,2,0.05,0.7,0.3,0.4,0.4,0
9,3-Feb,31,8.5,7.1,6.1,4.3,4.3,2,1.76,0.46,0.12,1.48,1.02,0.6
14,8-Feb,31,10.4,8.6,7.1,8.6,7.1,2,0.7,-0.3,-0.15,-2.35,-2.05,1.5
2,27-Jan,32,7.1,3.7,2.8,3.7,2.8,2,0,0,0,0,0,0
7,1-Feb,32,8.9,8.5,7.3,6.2,5.3,2,0.05,0.7,0.3,0.4,0.4,0
9,3-Feb,32,10.2,9.1,7.9,7.3,6.8,2,1.76,0.46,0.12,1.48,1.02,0.6
14,8-Feb,32,12.4,10.2,7.8,5.5,6,4,0.7,-0.3,-0.15,-2.35,-2.05,1.5
0,25-Jan,33,2.4,2.8,1.4,2.8,1.4,2,0,0,0,0,0,0
2,27-Jan,33,2.4,4.2,1.8,4.2,1.8,2,0.05,0.7,0.3,0.4,0.4,0
7,1-Feb,33,2.4,7.2,3.3,4.6,2.2,4,1.76,0.46,0.12,1.48,1.02,0.6
9,3-Feb,33,2.3,7.8,3.8,7.5,3.4,6,0.7,-0.3,-0.15,-2.35,-2.05,1.5
14,8-Feb,33,3.7,7.8,3.4,5.8,3.3,6,2.5,0.16,0.04,0.36,0.4,0.4
0,25-Jan,34,1.1,2.7,1.2,2.7,1.2,2,0,0,0,0,0,0
2,27-Jan,34,1.1,3.7,1.9,3.7,1.9,2,0.05,0.7,0.3,0.4,0.4,0
7,1-Feb,34,1.1,7.1,3.2,5.9,2.8,8,1.76,0.46,0.12,1.48,1.02,0.6
9,3-Feb,34,3.4,8,3.4,6,3.4,9,0.7,-0.3,-0.15,-2.35,-2.05,1.5
14,8-Feb,34,3.8,8.1,3.5,3.6,2,13,2.5,0.16,0.04,0.36,0.4,0.4
0,25-Jan,35,0.4,3.9,2.2,3.9,2.2,2,0,0,0,0,0,0
2,27-Jan,35,0.8,5.4,2.9,3,2,4,0.05,0.7,0.3,0.4,0.4,0
7,1-Feb,35,1.6,7.3,4.8,5.7,3.6,6,1.76,0.46,0.12,1.48,1.02,0.6
9,3-Feb,35,2.2,8.1,5.3,4.5,2.6,6,0.7,-0.3,-0.15,-2.35,-2.05,1.5
14,8-Feb,35,1.9,6.8,4.1,5,2.6,9,2.5,0.16,0.04,0.36,0.4,0.4
0,25-Jan,36,0.1,3.4,1.9,3.4,1.9,2,0,0,0,0,0,0
2,27-Jan,36,0.7,4.4,3.2,4.4,3.2,2,0.05,0.7,0.3,0.4,0.4,0
7,1-Feb,36,1.7,7.3,4.3,5.4,3.6,4,1.76,0.46,0.12,1.48,1.02,0.6
9,3-Feb,36,1.8,7.7,4.5,6.1,4.1,5,0.7,-0.3,-0.15,-2.35,-2.05,1.5
14,8-Feb,36,1.9,7.8,4.7,4.2,2,7,2.5,0.16,0.04,0.36,0.4,0.4
0,25-Jan,37,0.3,2.2,1,2.2,1,2,0,0,0,0,0,0
2,27-Jan,37,0.3,3.1,1.4,3.1,1.4,2,0.05,0.7,0.3,0.4,0.4,0
7,1-Feb,37,1.2,7.8,3,5.4,2.1,5,1.76,0.46,0.12,1.48,1.02,0.6
9,3-Feb,37,3.4,8.6,3.3,3.4,1.6,8,0.7,-0.3,-0.15,-2.35,-2.05,1.5
14,8-Feb,37,3.9,9.2,3.6,4.4,1.3,13,2.5,0.16,0.04,0.36,0.4,0.4
2,27-Jan,38,1.6,3.6,2.2,3.6,2.2,2,0,0,0,0,0,0
7,1-Feb,38,1,6.9,4.6,3.9,2.8,5,0.05,0.7,0.3,0.4,0.4,0
9,3-Feb,38,3.2,8.2,5,4.5,2.8,8,1.76,0.46,0.12,1.48,1.02,0.6
14,8-Feb,38,3.8,8,5.2,2.6,1.8,9,0.7,-0.3,-0.15,-2.35,-2.05,1.5
0,25-Jan,39,1,5.7,2.8,5.7,2.8,2,0,0,0,0,0,0
2,27-Jan,39,1,6.5,3.5,4.3,2.2,4,0.05,0.7,0.3,0.4,0.4,0
7,1-Feb,39,1.8,9.5,6.3,5.8,3.1,6,1.76,0.46,0.12,1.48,1.02,0.6
9,3-Feb,39,3.1,9.7,6.8,6.7,3.8,6,0.7,-0.3,-0.15,-2.35,-2.05,1.5
14,8-Feb,39,2.7,6.1,4.3,4.1,1.7,10,2.5,0.16,0.04,0.36,0.4,0.4
23,17-Feb,39,4,9,6.9,5.5,3.1,16,1.92857143,-0.1285714,-0.1142857,-0.0571429,-0.1,0.57142857
0,25-Jan,40,0.2,3.7,2.2,3.7,2.2,2,0,0,0,0,0,0
2,27-Jan,40,0.7,4.7,2.7,2.1,1.3,4,0.05,0.7,0.3,0.4,0.4,0
7,1-Feb,40,1.8,6.4,4,5.3,3.8,5,1.76,0.46,0.12,1.48,1.02,0.6
9,3-Feb,40,2.3,6.6,4.1,5.8,4.1,6,0.7,-0.3,-0.15,-2.35,-2.05,1.5
14,8-Feb,40,2.6,6.3,4,2.2,1.7,8,2.5,0.16,0.04,0.36,0.4,0.4
0,25-Jan,41,0.9,3.9,2.5,3.9,2.5,2,0,0,0,0,0,0
2,27-Jan,41,0.9,4.9,3.5,1.7,1,4,0.05,0.7,0.3,0.4,0.4,0
7,1-Feb,41,2.1,6.5,5.7,5.9,4.7,4,1.76,0.46,0.12,1.48,1.02,0.6
9,3-Feb,41,2.4,7.2,5.6,4.1,2.6,5,0.7,-0.3,-0.15,-2.35,-2.05,1.5
14,8-Feb,41,2.7,7.1,5.7,5.9,3.9,8,2.5,0.16,0.04,0.36,0.4,0.4
0,25-Jan,42,0.6,3.9,1.3,3.9,1.3,2,0,0,0,0,0,0
2,27-Jan,42,1.6,4.6,2.1,2,1.3,4,0.05,0.7,0.3,0.4,0.4,0
7,1-Feb,42,2.8,6.1,3.1,5.2,3.9,5,1.76,0.46,0.12,1.48,1.02,0.6
9,3-Feb,42,2.3,6.1,3.4,4.7,2.7,5,0.7,-0.3,-0.15,-2.35,-2.05,1.5
14,8-Feb,42,2.8,5.4,3.6,4.5,2.2,7,2.5,0.16,0.04,0.36,0.4,0.4
2,27-Jan,43,5.1,3,1.9,3,1.9,2,0,0,0,0,0,0
7,1-Feb,43,6.6,8.7,7.4,5,4.3,2,0.05,0.7,0.3,0.4,0.4,0
9,3-Feb,43,8.4,9.7,8.2,6.5,6.2,2,1.76,0.46,0.12,1.48,1.02,0.6
14,8-Feb,43,12.3,10.5,9,3.9,2.8,3,0.7,-0.3,-0.15,-2.35,-2.05,1.5
2,27-Jan,44,5.8,2.7,1.4,2.7,1.4,2,0,0,0,0,0,0
7,1-Feb,44,8.4,8.5,7.1,4.2,3.1,2,0.05,0.7,0.3,0.4,0.4,0
9,3-Feb,44,9.9,9.5,8.3,6,4.6,2,1.76,0.46,0.12,1.48,1.02,0.6
14,8-Feb,44,12.6,10.9,9.5,2.8,2.7,3,0.7,-0.3,-0.15,-2.35,-2.05,1.5
23,17-Feb,44,18.8,4.2,7.1,7.3,8.3,7,2.5,0.16,0.04,0.36,0.4,0.4
7,1-Feb,45,8.9,5.8,2.9,5.8,2.9,2,0,0,0,0,0,0
9,3-Feb,45,10.1,9.9,7.3,8.3,6.6,2,0.05,0.7,0.3,0.4,0.4,0
14,8-Feb,45,13.1,9.5,7.8,3.1,2.4,4,1.76,0.46,0.12,1.48,1.02,0.6
23,17-Feb,45,21.8,4.2,7,4.5,3.8,7,0.7,-0.3,-0.15,-2.35,-2.05,1.5
7,1-Feb,46,8.5,5.5,4.6,5.5,4.6,2,0,0,0,0,0,0
9,3-Feb,46,9.6,9.3,7.5,9.3,7.5,2,0.05,0.7,0.3,0.4,0.4,0
14,8-Feb,46,13.7,10.6,9,3.9,3.2,4,1.76,0.46,0.12,1.48,1.02,0.6
2,27-Jan,47,6.5,2.9,2.1,2.9,2.1,2,0,0,0,0,0,0
7,1-Feb,47,9.1,7.1,7.1,7.1,7.1,1,0.05,0.7,0.3,0.4,0.4,0
9,3-Feb,47,10.6,8.5,8,3.1,3.3,2,1.76,0.46,0.12,1.48,1.02,0.6
14,8-Feb,47,12.6,9.2,9.2,9.2,9.2,2,0.7,-0.3,-0.15,-2.35,-2.05,1.5
23,17-Feb,47,18.5,4.6,9.2,9,7.9,7,2.5,0.16,0.04,0.36,0.4,0.4
2,27-Jan,48,6.5,3.6,2.4,3.6,2.4,1,0,0,0,0,0,0
7,1-Feb,48,9.6,8,6.9,8,6.9,1,0.05,0.7,0.3,0.4,0.4,0
9,3-Feb,48,10.4,8.6,7.5,5.1,5,2,1.76,0.46,0.12,1.48,1.02,0.6
14,8-Feb,48,12.2,9.1,8.3,9.1,8.3,3,0.7,-0.3,-0.15,-2.35,-2.05,1.5
2,27-Jan,49,4.1,3.1,1.9,3.1,1.9,2,0,0,0,0,0,0
7,1-Feb,49,6.4,7.4,6,7.4,6,2,0.05,0.7,0.3,0.4,0.4,0
9,3-Feb,49,7.7,8.1,6.6,8.1,6.6,2,1.76,0.46,0.12,1.48,1.02,0.6
14,8-Feb,49,11.7,9.6,8.2,4.6,3.9,3,0.7,-0.3,-0.15,-2.35,-2.05,1.5
2,27-Jan,50,6.9,4.1,2.7,4.1,2.7,2,0,0,0,0,0,0
7,1-Feb,50,9.5,9.5,7.2,9.5,7.2,2,0.05,0.7,0.3,0.4,0.4,0
9,3-Feb,50,11.1,9.7,7.8,9.7,7.8,2,1.76,0.46,0.12,1.48,1.02,0.6
14,8-Feb,50,13.8,9.8,9.4,3.1,2.7,4,0.7,-0.3,-0.15,-2.35,-2.05,1.5
2,27-Jan,51,5.4,3,1.9,3,1.9,2,0,0,0,0,0,0
7,1-Feb,51,6,7.5,6.2,5.4,4.2,2,0.05,0.7,0.3,0.4,0.4,0
9,3-Feb,51,8.5,8,6.2,5.3,5.5,2,1.76,0.46,0.12,1.48,1.02,0.6
14,8-Feb,51,11.6,8.7,7.7,3.2,2.3,4,0.7,-0.3,-0.15,-2.35,-2.05,1.5
23,17-Feb,51,18.2,4.5,8,3.8,3.1,7,2.5,0.16,0.04,0.36,0.4,0.4
2,27-Jan,52,6.7,3.5,2.2,3.5,2.2,2,0,0,0,0,0,0
7,1-Feb,52,9.5,8.9,7.4,5.9,4.3,2,0.05,0.7,0.3,0.4,0.4,0
9,3-Feb,52,11.1,9.7,8.3,7.8,6.2,2,1.76,0.46,0.12,1.48,1.02,0.6
14,8-Feb,52,14.5,10.1,9.1,3.5,3.1,3,0.7,-0.3,-0.15,-2.35,-2.05,1.5
2,27-Jan,53,0.2,4.9,3.6,4.9,3.6,2,0,0,0,0,0,0
7,1-Feb,53,1.6,7.1,6,6.8,4.4,4,0.05,0.7,0.3,0.4,0.4,0
9,3-Feb,53,3.1,7.5,6.4,7.9,5.2,5,1.76,0.46,0.12,1.48,1.02,0.6
14,8-Feb,53,3.4,7.6,6.7,6,3.8,8,0.7,-0.3,-0.15,-2.35,-2.05,1.5
2,27-Jan,54,0.1,3.1,1.9,3.1,1.9,2,0,0,0,0,0,0
7,1-Feb,54,0.8,5.4,3.6,5,3.3,3,0.05,0.7,0.3,0.4,0.4,0
9,3-Feb,54,1,5.4,3.7,5,3.4,6,1.76,0.46,0.12,1.48,1.02,0.6
14,8-Feb,54,2.8,6,4.1,3.2,2,11,0.7,-0.3,-0.15,-2.35,-2.05,1.5
2,27-Jan,55,0.1,3.9,2.7,3.9,2.7,2,0,0,0,0,0,0
7,1-Feb,55,1.4,6.5,4.4,5.5,3.3,4,0.05,0.7,0.3,0.4,0.4,0
9,3-Feb,55,1.9,6.5,4.5,6.4,3.5,5,1.76,0.46,0.12,1.48,1.02,0.6
14,8-Feb,55,2.6,6.4,4.6,4.2,2.4,8,0.7,-0.3,-0.15,-2.35,-2.05,1.5
2,27-Jan,56,0.4,3.5,2.2,3.5,2.2,2,0,0,0,0,0,0
7,1-Feb,56,0.7,4.7,3.8,3.1,2,4,0.05,0.7,0.3,0.4,0.4,0
9,3-Feb,56,1.2,5.1,3.5,3.5,2.4,4,1.76,0.46,0.12,1.48,1.02,0.6
14,8-Feb,56,1.8,5.2,3.7,3.2,2,7,0.7,-0.3,-0.15,-2.35,-2.05,1.5
2,27-Jan,57,2.8,3.1,2.1,3.1,2.1,2,0,0,0,0,0,0
7,1-Feb,57,3.5,5.3,4.2,2,2.1,2,0.05,0.7,0.3,0.4,0.4,0
9,3-Feb,57,4.9,5.8,4.5,2.8,2.8,2,1.76,0.46,0.12,1.48,1.02,0.6
14,8-Feb,57,5.5,6.4,5.1,3.8,4.6,2,0.7,-0.3,-0.15,-2.35,-2.05,1.5
7,1-Feb,58,5,5,3.1,5,3.1,1,0,0,0,0,0,0
9,3-Feb,58,5.9,6.2,4.3,6.2,4.3,1,0.05,0.7,0.3,0.4,0.4,0
14,8-Feb,58,7.4,7.1,5.1,4.7,3.6,2,1.76,0.46,0.12,1.48,1.02,0.6
2,27-Jan,59,0.4,5.1,2.6,5.1,2.6,2,0,0,0,0,0,0
7,1-Feb,59,0.8,6.6,3.7,4.9,2.3,4,0.05,0.7,0.3,0.4,0.4,0
9,3-Feb,59,2.1,7.5,3.8,5.2,2.1,4,1.76,0.46,0.12,1.48,1.02,0.6
14,8-Feb,59,3.3,7.9,3.4,3.7,2.2,5,0.7,-0.3,-0.15,-2.35,-2.05,1.5
2,27-Jan,60,0.2,4.7,2.4,4.7,2.4,2,0,0,0,0,0,0
7,1-Feb,60,0.8,8,3.7,5.5,2.5,4,0.05,0.7,0.3,0.4,0.4,0
9,3-Feb,60,3.1,8.1,3.9,6.4,3.2,5,1.76,0.46,0.12,1.48,1.02,0.6
14,8-Feb,60,3.2,9.3,4.2,3.8,2.1,7,0.7,-0.3,-0.15,-2.35,-2.05,1.5
2,27-Jan,61,0.3,4.1,2.7,4.1,2.7,2,0,0,0,0,0,0
7,1-Feb,61,1.2,7.2,5,4.8,3.6,4,0.05,0.7,0.3,0.4,0.4,0
9,3-Feb,61,2.2,7.3,5.4,6,4.2,4,1.76,0.46,0.12,1.48,1.02,0.6
14,8-Feb,61,2.4,8.1,5.7,4.6,2.5,8,0.7,-0.3,-0.15,-2.35,-2.05,1.5
2,27-Jan,62,0.8,4.8,2.8,4.8,2.8,2,0,0,0,0,0,0
7,1-Feb,62,1.6,5.7,2.9,4.8,2.7,4,0.05,0.7,0.3,0.4,0.4,0
9,3-Feb,62,1.2,5.6,2.7,5,2.7,4,1.76,0.46,0.12,1.48,1.02,0.6
14,8-Feb,62,1.8,5.8,3,3.4,2.3,8,0.7,-0.3,-0.15,-2.35,-2.05,1.5
7,1-Feb,63,0.7,3.1,2.4,3.1,2.4,2,0,0,0,0,0,0
9,3-Feb,63,1.4,3.6,2.3,2.1,1.2,4,0.05,0.7,0.3,0.4,0.4,0
14,8-Feb,63,1.8,4.1,2.7,2,1.3,6,1.76,0.46,0.12,1.48,1.02,0.6
2,27-Jan,64,0.4,1.6,0.6,1.6,0.6,2,0,0,0,0,0,0
7,1-Feb,64,1.6,5,2.2,3.4,1.6,4,0.05,0.7,0.3,0.4,0.4,0
9,3-Feb,64,2.3,5.6,2.8,3.5,1.9,4,1.76,0.46,0.12,1.48,1.02,0.6
14,8-Feb,64,2.1,6.2,3,3.6,1.8,8,0.7,-0.3,-0.15,-2.35,-2.05,1.5
9,3-Feb,65,4.3,3.5,2.5,3.5,2.5,1,0,0,0,0,0,0
14,8-Feb,65,5.3,5,4,2.3,1.8,2,0.05,0.7,0.3,0.4,0.4,0
23,17-Feb,65,9.5,2.4,4.8,4.4,3.8,5,1.76,0.46,0.12,1.48,1.02,0.6
7,1-Feb,66,3.6,5.5,4.3,5.5,4.3,1,0,0,0,0,0,0
9,3-Feb,66,5.4,6.6,5.4,3,2.2,2,0.05,0.7,0.3,0.4,0.4,0
14,8-Feb,66,8.2,8,6.5,8,6.5,2,1.76,0.46,0.12,1.48,1.02,0.6
9,3-Feb,67,4.7,3,3.1,3,3.1,2,0,0,0,0,0,0
14,8-Feb,67,8.2,4.1,4.4,3.2,2.6,3,0.05,0.7,0.3,0.4,0.4,0
21,15-Feb,67,10.2,6.4,4.8,4.5,5.8,5,1.76,0.46,0.12,1.48,1.02,0.6
9,3-Feb,68,5,3.6,3.9,3.6,3.9,2,0,0,0,0,0,0
14,8-Feb,68,11.4,4.7,5.5,4.4,3.3,3,0.05,0.7,0.3,0.4,0.4,0
23,17-Feb,68,14.5,4.1,5.6,8.1,5.3,5,1.76,0.46,0.12,1.48,1.02,0.6
2,27-Jan,69,0.2,4.5,1,4.5,1,2,0,0,0,0,0,0
7,1-Feb,69,1.4,7.7,3,5.5,2.2,4,0.05,0.7,0.3,0.4,0.4,0
9,3-Feb,69,2.8,7.4,3,6.2,2.9,5,1.76,0.46,0.12,1.48,1.02,0.6
14,8-Feb,69,3.1,8.3,3.1,6.3,2.4,10,0.7,-0.3,-0.15,-2.35,-2.05,1.5
23,17-Feb,69,9.6,6.7,2.8,5.4,2.1,19,2.5,0.16,0.04,0.36,0.4,0.4
2,27-Jan,70,0.3,3.3,1.5,3.3,1.5,2,0,0,0,0,0,0
7,1-Feb,70,1.5,6,2.4,4.1,1.6,4,0.05,0.7,0.3,0.4,0.4,0
9,3-Feb,70,2.7,5.5,2.3,4.2,1.7,4,1.76,0.46,0.12,1.48,1.02,0.6
14,8-Feb,70,2.1,5.5,2.5,4.3,1.8,9,0.7,-0.3,-0.15,-2.35,-2.05,1.5
23,17-Feb,70,10.1,5.5,2.3,6.2,3.9,15,2.5,0.16,0.04,0.36,0.4,0.4
7,1-Feb,71,0.9,3,2,3,2,1,0,0,0,0,0,0
9,3-Feb,71,1.3,3.8,2.7,3.8,2.7,1,0.05,0.7,0.3,0.4,0.4,0
14,8-Feb,71,2.2,4.8,3.3,2.6,1.6,2,1.76,0.46,0.12,1.48,1.02,0.6
23,17-Feb,71,5.7,6,4.9,4,4.2,5,0.7,-0.3,-0.15,-2.35,-2.05,1.5
7,1-Feb,72,4.1,5.7,4.4,5.7,4.4,1,0,0,0,0,0,0
9,3-Feb,72,5.7,6.9,5.5,2.5,1.9,2,0.05,0.7,0.3,0.4,0.4,0
14,8-Feb,72,8.1,8,6.5,8,6.5,2,1.76,0.46,0.12,1.48,1.02,0.6
23,17-Feb,72,9.9,3.6,6,5.9,6.3,6,0.7,-0.3,-0.15,-2.35,-2.05,1.5
7,1-Feb,73,4,4.7,3.5,4.7,3.5,1,0,0,0,0,0,0
9,3-Feb,73,5.4,5.6,4.6,5.6,4.6,2,0.05,0.7,0.3,0.4,0.4,0
14,8-Feb,73,7.4,6.5,5.5,4.5,4,2,1.76,0.46,0.12,1.48,1.02,0.6
23,17-Feb,73,11.7,3.7,5.6,5.9,7.1,6,0.7,-0.3,-0.15,-2.35,-2.05,1.5
2,27-Jan,74,4.7,2.7,1.6,2.7,1.6,2,0,0,0,0,0,0
7,1-Feb,74,6.9,7.7,5.9,2.2,2.3,2,0.05,0.7,0.3,0.4,0.4,0
9,3-Feb,74,7.5,8.5,6.8,4.5,3.9,2,1.76,0.46,0.12,1.48,1.02,0.6
14,8-Feb,74,9.7,9.1,7.5,9.1,7.5,3,0.7,-0.3,-0.15,-2.35,-2.05,1.5
23,17-Feb,74,11.7,3.1,6.6,4.5,5.5,6,2.5,0.16,0.04,0.36,0.4,0.4
2,27-Jan,75,0.2,3.1,1.5,3.1,1.5,2,0,0,0,0,0,0
7,1-Feb,75,1.4,6.4,3.1,3.9,2,4,0.05,0.7,0.3,0.4,0.4,0
9,3-Feb,75,2.3,7,3.7,4.7,2.1,5,1.76,0.46,0.12,1.48,1.02,0.6
14,8-Feb,75,2.7,7.2,3.5,5.5,2.5,9,0.7,-0.3,-0.15,-2.35,-2.05,1.5
23,17-Feb,75,18.9,7.4,3.8,4.6,2.4,20,2.5,0.16,0.04,0.36,0.4,0.4
2,27-Jan,76,0.3,4,1.2,4,1.2,2,0,0,0,0,0,0
7,1-Feb,76,1.5,6.1,1.8,4.1,1.7,4,0.05,0.7,0.3,0.4,0.4,0
9,3-Feb,76,1.4,6.4,2,4.6,1.8,4,1.76,0.46,0.12,1.48,1.02,0.6
14,8-Feb,76,1.2,6.4,2.2,2.7,2.1,6,0.7,-0.3,-0.15,-2.35,-2.05,1.5
21,15-Feb,76,2.4,8.5,5.2,5.1,3.9,12,2.5,0.16,0.04,0.36,0.4,0.4
2,27-Jan,77,8,10,8.7,10,8.7,2,0,0,0,0,0,0
7,1-Feb,77,12.1,12.4,11.4,6.9,3.1,5,0.05,0.7,0.3,0.4,0.4,0
9,3-Feb,77,23.1,11,10.2,3.8,1.6,8,1.76,0.46,0.12,1.48,1.02,0.6
14,8-Feb,77,50.9,11.2,10.5,2.8,1.9,11,0.7,-0.3,-0.15,-2.35,-2.05,1.5
21,15-Feb,77,81.9,12.4,11.8,4,2.1,14,2.5,0.16,0.04,0.36,0.4,0.4
2,27-Jan,78,11.2,12.5,11.2,12.5,11.2,2,0,0,0,0,0,0
7,1-Feb,78,27.4,15.2,13.6,4.9,2.3,8,0.05,0.7,0.3,0.4,0.4,0
9,3-Feb,78,48.1,15.1,13.1,8.1,3.8,14,1.76,0.46,0.12,1.48,1.02,0.6
14,8-Feb,78,108.1,15,13.3,3.3,1.4,20,0.7,-0.3,-0.15,-2.35,-2.05,1.5
23,17-Feb,78,106,13.4,13.8,3.2,2.1,25,2.5,0.16,0.04,0.36,0.4,0.4
2,27-Jan,79,6.1,3.1,6.1,3.1,6.1,2,0,0,0,0,0,0
7,1-Feb,79,6.3,4.2,7.3,7.8,3.5,5,0.05,0.7,0.3,0.4,0.4,0
9,3-Feb,79,7.2,4.3,6.8,9,4.9,8,1.76,0.46,0.12,1.48,1.02,0.6
14,8-Feb,79,12.4,3.7,6.4,6.7,3.9,8,0.7,-0.3,-0.15,-2.35,-2.05,1.5
2,27-Jan,80,7.6,8.9,8.5,8.9,8.5,2,0,0,0,0,0,0
7,1-Feb,80,12.3,9.8,9.5,3.9,1.9,8,0.05,0.7,0.3,0.4,0.4,0
9,3-Feb,80,20.9,9.6,8.7,7,3.5,11,1.76,0.46,0.12,1.48,1.02,0.6
14,8-Feb,80,36.1,10,9.4,7.8,3.5,14,0.7,-0.3,-0.15,-2.35,-2.05,1.5
2,27-Jan,81,4.9,7.4,5.6,7.4,5.6,2,0,0,0,0,0,0
7,1-Feb,81,7.4,8.8,6.8,7,3.4,8,0.05,0.7,0.3,0.4,0.4,0
9,3-Feb,81,9.2,8.5,7.3,4.5,1.8,8,1.76,0.46,0.12,1.48,1.02,0.6
14,8-Feb,81,9.9,8.8,7.4,8.4,4.1,11,0.7,-0.3,-0.15,-2.35,-2.05,1.5
21,15-Feb,81,16.2,8.2,6.9,5,2.6,20,2.5,0.16,0.04,0.36,0.4,0.4
2,27-Jan,82,7.1,9.4,8.3,9.4,8.3,2,0,0,0,0,0,0
7,1-Feb,82,10.8,11.6,9.7,3.8,1.8,9,0.05,0.7,0.3,0.4,0.4,0
9,3-Feb,82,14.2,11.5,9.5,6.1,3.2,9,1.76,0.46,0.12,1.48,1.02,0.6
14,8-Feb,82,25.1,11.6,9.7,6.1,3.2,13,0.7,-0.3,-0.15,-2.35,-2.05,1.5
23,17-Feb,82,33.4,11.7,10.2,4.3,2.4,34,2.5,0.16,0.04,0.36,0.4,0.4
2,27-Jan,83,4.7,8,6.3,8,6.3,2,0,0,0,0,0,0
7,1-Feb,83,5.2,8.4,7,5.6,3.8,7,0.05,0.7,0.3,0.4,0.4,0
9,3-Feb,83,12.7,8.9,6.2,8.8,6.2,10,1.76,0.46,0.12,1.48,1.02,0.6
14,8-Feb,83,13.3,8.3,6.4,,,19,0.7,-0.3,-0.15,-2.35,-2.05,1.5
23,17-Feb,83,44.5,8.3,6.1,3.7,2,43,2.5,0.16,0.04,0.36,0.4,0.4
2,27-Jan,84,5.8,8.3,5.8,8.3,5.8,2,0,0,0,0,0,0
7,1-Feb,84,10.6,8.8,6.1,6.5,3.9,10,0.05,0.7,0.3,0.4,0.4,0
9,3-Feb,84,12.6,8.7,6.3,4.2,1.9,13,1.76,0.46,0.12,1.48,1.02,0.6
14,8-Feb,84,13.8,8.8,6.2,4.5,1.7,27,0.7,-0.3,-0.15,-2.35,-2.05,1.5
21,15-Feb,84,39.9,8.8,5.9,2.1,2.2,39,2.5,0.16,0.04,0.36,0.4,0.4
2,27-Jan,85,7.1,9.9,8.9,9.9,8.9,2,0,0,0,0,0,0
7,1-Feb,85,14,11.3,10.6,7.8,3.1,5,0.05,0.7,0.3,0.4,0.4,0
9,3-Feb,85,17.4,11.7,10.4,3.8,1.7,8,1.76,0.46,0.12,1.48,1.02,0.6
14,8-Feb,85,20.5,8.3,6.4,8.3,3.9,11,0.7,-0.3,-0.15,-2.35,-2.05,1.5
23,17-Feb,85,25.8,11.6,10.8,8.3,4.6,14,2.5,0.16,0.04,0.36,0.4,0.4
2,27-Jan,86,10.8,10.3,9.8,10.3,9.8,2,0,0,0,0,0,0
7,1-Feb,86,15.1,13.5,12,4.1,2,8,0.05,0.7,0.3,0.4,0.4,0
9,3-Feb,86,27,12.8,11.6,4.4,1.5,8,1.76,0.46,0.12,1.48,1.02,0.6
14,8-Feb,86,73.6,8.8,6.2,6,3,17,0.7,-0.3,-0.15,-2.35,-2.05,1.5
2,27-Jan,87,7.4,8.6,8.1,8.6,8.1,2,0,0,0,0,0,0
7,1-Feb,87,15.3,10.2,9.6,10.2,5,5,0.05,0.7,0.3,0.4,0.4,0
9,3-Feb,87,20.1,10.2,9.6,4.4,2.2,8,1.76,0.46,0.12,1.48,1.02,0.6
14,8-Feb,87,27.1,12,11,4.1,1.8,14,0.7,-0.3,-0.15,-2.35,-2.05,1.5
2,27-Jan,88,8.3,6.9,6.6,6.9,6.6,2,0,0,0,0,0,0
7,1-Feb,88,13.4,9.9,9.3,8.5,4.1,8,0.05,0.7,0.3,0.4,0.4,0
9,3-Feb,88,16.7,9.4,9.2,6,2.8,8,1.76,0.46,0.12,1.48,1.02,0.6
14,8-Feb,88,26.1,13.5,12.3,5.6,2.3,11,0.7,-0.3,-0.15,-2.35,-2.05,1.5
2,27-Jan,89,6,8.6,7.5,8.6,7.5,2,0,0,0,0,0,0
7,1-Feb,89,9.5,9.6,8.6,5.8,4.1,5,0.05,0.7,0.3,0.4,0.4,0
9,3-Feb,89,11.1,9.7,8,4,1.9,8,1.76,0.46,0.12,1.48,1.02,0.6
14,8-Feb,89,12.2,10.2,9.9,7.3,3.5,11,0.7,-0.3,-0.15,-2.35,-2.05,1.5
23,17-Feb,89,10.9,9.4,8.3,7.1,3.8,17,2.5,0.16,0.04,0.36,0.4,0.4
2,27-Jan,90,5.4,10,8.5,10,8.5,2,0,0,0,0,0,0
7,1-Feb,90,11.1,12.2,10.6,4.2,2.3,8,0.05,0.7,0.3,0.4,0.4,0
9,3-Feb,90,12.6,12.5,10,6.5,3.7,14,1.76,0.46,0.12,1.48,1.02,0.6
14,8-Feb,90,19.2,9.3,9.3,6.1,3.2,17,0.7,-0.3,-0.15,-2.35,-2.05,1.5
2,27-Jan,91,5.1,7.1,5.3,7.1,5.3,2,0,0,0,0,0,0
7,1-Feb,91,5.9,7.5,5.8,4.9,2.8,9,0.05,0.7,0.3,0.4,0.4,0
9,3-Feb,91,5.7,7.1,5.8,6.1,3.9,12,1.76,0.46,0.12,1.48,1.02,0.6
14,8-Feb,91,10.8,9.6,8.1,5.3,3,15,0.7,-0.3,-0.15,-2.35,-2.05,1.5
23,17-Feb,91,28.3,7.5,5.2,3.7,2.3,36,2.5,0.16,0.04,0.36,0.4,0.4
2,27-Jan,92,4.9,6.9,5.1,6.9,5.1,2,0,0,0,0,0,0
7,1-Feb,92,10.6,7.1,6.1,7.4,4.2,10,0.05,0.7,0.3,0.4,0.4,0
9,3-Feb,92,8.2,7.8,5.9,4.2,2,13,1.76,0.46,0.12,1.48,1.02,0.6
14,8-Feb,92,15.2,12.1,10.5,4,1.5,20,0.7,-0.3,-0.15,-2.35,-2.05,1.5
23,17-Feb,92,53.6,7.8,6.4,4.5,3.2,37,2.5,0.16,0.04,0.36,0.4,0.4
2,27-Jan,93,9.1,8.9,5.9,8.9,5.9,2,0,0,0,0,0,0
7,1-Feb,93,13.2,11.3,7.1,4.3,3.2,7,0.05,0.7,0.3,0.4,0.4,0
9,3-Feb,93,15.6,11,6.8,3.6,2.2,7,1.76,0.46,0.12,1.48,1.02,0.6
14,8-Feb,93,18.6,7.1,5.5,6.5,4.4,14,0.7,-0.3,-0.15,-2.35,-2.05,1.5
23,17-Feb,93,23.5,9.5,6.3,4,2.6,17,2.5,0.16,0.04,0.36,0.4,0.4
2,27-Jan,94,6.4,7.7,5.1,7.7,5.1,2,0,0,0,0,0,0
7,1-Feb,94,10.1,10.2,7.5,2.9,1.9,8,0.05,0.7,0.3,0.4,0.4,0
9,3-Feb,94,13.5,10.2,7.5,4.3,2.4,8,1.76,0.46,0.12,1.48,1.02,0.6
14,8-Feb,94,16.8,9.7,8.2,8.4,5,8,0.7,-0.3,-0.15,-2.35,-2.05,1.5
23,17-Feb,94,23.9,10,7.5,5,3.1,14,2.5,0.16,0.04,0.36,0.4,0.4
2,27-Jan,95,9.2,7.7,4.7,7.7,4.7,2,0,0,0,0,0,0
7,1-Feb,95,11,10.5,5.9,2.5,1.9,8,0.05,0.7,0.3,0.4,0.4,0
9,3-Feb,95,13.9,10.6,5.8,3.9,1.8,8,1.76,0.46,0.12,1.48,1.02,0.6
14,8-Feb,95,16.8,11.2,6.6,6.5,4,8,0.7,-0.3,-0.15,-2.35,-2.05,1.5
23,17-Feb,95,21.7,10.7,5.9,4.4,2.5,14,2.5,0.16,0.04,0.36,0.4,0.4
2,27-Jan,96,10.1,8.9,6.4,8.9,6.4,2,0,0,0,0,0,0
7,1-Feb,96,14.1,10.3,6,2.7,2.1,8,0.05,0.7,0.3,0.4,0.4,0
9,3-Feb,96,17.4,10.1,6.2,4.1,3.1,8,1.76,0.46,0.12,1.48,1.02,0.6
14,8-Feb,96,20.5,10.3,7.5,6.5,5.6,14,0.7,-0.3,-0.15,-2.35,-2.05,1.5
21,15-Feb,96,25.8,10.1,6.2,6.9,4.3,17,2.5,0.16,0.04,0.36,0.4,0.4
2,27-Jan,97,8.6,4.9,4.5,4.9,4.5,2,0,0,0,0,0,0
7,1-Feb,97,13.4,5.4,4.2,4.7,2.1,5,0.96,0.1,-0.06,-0.04,-0.48,0.6
9,3-Feb,97,15.2,4.9,4.5,6.5,3,5,0.9,-0.25,0.15,0.9,0.45,0
14,8-Feb,97,18.3,10.3,6.3,8.6,4.1,8,0.62,1.08,0.36,0.42,0.22,0.6
21,15-Feb,97,14.2,5.5,4.2,5.9,3.4,11,-0.585714286,-0.685714286,-0.3,-0.385714286,-0.1,0.428571429
2,27-Jan,98,10.5,6.2,4.3,6.2,4.3,2,0.194736842,-0.036842105,-0.005263158,-0.015789474,-0.047368421,0.473684211
7,1-Feb,98,14.8,6.2,4.4,2.8,1.2,8,0,0,0,0,0,0
9,3-Feb,98,20.8,7.1,5.1,4,1.9,8,3,0.45,0.35,0.6,0.35,0
14,8-Feb,98,21.8,10.4,6.4,6.6,3.2,11,0.2,0.66,0.26,0.52,0.26,0.6
21,15-Feb,98,25.2,6.9,4.1,6.1,4.1,14,0.485714286,-0.5,-0.328571429,-0.071428571,0.128571429,0.428571429
2,27-Jan,99,8.5,5.9,3.7,5.9,3.7,2,0,0,0,0,0,0
2,27-Jan,100,8.9,7.2,4.2,7.2,4.2,2,0,0,0,0,0,0
2,27-Jan,101,5.7,5,2.4,5,2.4,2,0,0,0,0,0,0
7,1-Feb,101,9.9,5.7,2.8,3,2.1,5,0.84,0.14,0.08,-0.4,-0.06,0.6
9,3-Feb,101,10.1,5.2,2.2,4,2.3,8,0.1,-0.25,-0.3,0.5,0.1,1.5
14,8-Feb,101,11.1,5.3,2.9,2.7,1.6,14,0.2,0.02,0.14,-0.26,-0.14,1.2
23,17-Feb,101,8.7,5.1,2.9,3.3,1.8,20,-0.266666667,-0.022222222,0,0.066666667,0.022222222,0.666666667
2,27-Jan,102,4.1,3.4,1.8,3.4,1.8,2,0,0,0,0,0,0
7,1-Feb,102,7.6,3.9,1.7,2.5,1.6,5,0.7,0.1,-0.02,-0.18,-0.04,0.6
9,3-Feb,102,8.2,3.8,2,3.1,2.1,8,0.3,-0.05,0.15,0.3,0.25,1.5
14,8-Feb,102,8.8,3.8,1.8,6.1,3.1,8,0.12,0,-0.04,0.6,0.2,0
21,15-Feb,102,9.2,3.9,2,2.5,1.4,14,0.057142857,0.014285714,0.028571429,-0.514285714,-0.242857143,0.857142857
2,27-Jan,103,4.4,6.1,3.4,6.1,3.4,2,0,0,0,0,0,0
7,1-Feb,103,8.4,6.1,3.2,5.1,2.8,4,0.8,0,-0.04,-0.2,-0.12,0.4
9,3-Feb,103,9.4,6,3.5,2.3,1.5,7,0.5,-0.05,0.15,-1.4,-0.65,1.5
14,8-Feb,103,10.2,6.2,3.5,4.8,3.1,10,0.16,0.04,0,0.5,0.32,0.6
21,15-Feb,103,8.2,6.1,3.3,4.7,2.8,11,-0.285714286,-0.014285714,-0.028571429,-0.014285714,-0.042857143,0.142857143
2,27-Jan,104,5.8,6.5,3.4,6.5,3.4,2,0,0,0,0,0,0
7,1-Feb,104,11.8,6.7,3.6,5.9,3,5,1.2,0.04,0.04,-0.12,-0.08,0.6
9,3-Feb,104,12.3,6.7,3.4,2.7,1.8,8,0.25,0,-0.1,-1.6,-0.6,1.5
14,8-Feb,104,13.3,6.6,3.5,4.9,3.2,16,0.2,-0.02,0.02,0.44,0.28,1.6
21,15-Feb,104,9.2,6.3,2.9,3.3,2.2,25,-0.585714286,-0.042857143,-0.085714286,-0.228571429,-0.142857143,1.285714286
2,27-Jan,105,4.6,5.3,3.8,5.3,3.8,2,0,0,0,0,0,0
7,1-Feb,105,8.2,5.4,3.9,3.1,2.9,5,0.72,0.02,0.02,-0.44,-0.18,0.6
9,3-Feb,105,8.9,5.2,3.9,4.1,3.1,5,0.35,-0.1,0,0.5,0.1,0
14,8-Feb,105,9.7,6.1,4,5.3,4,8,0.16,0.18,0.02,0.24,0.18,0.6
23,17-Feb,105,10.9,5.2,4.1,5.1,3.1,14,0.133333333,-0.1,0.011111111,-0.022222222,-0.1,0.666666667
2,27-Jan,106,5.4,6,4.1,6,4.1,2,0,0,0,0,0,0
7,1-Feb,106,9.1,7.3,5.2,3.6,2.8,5,0.74,0.26,0.22,-0.48,-0.26,0.6
9,3-Feb,106,11.2,6.6,5,3.8,1.7,8,1.05,-0.35,-0.1,0.1,-0.55,1.5
14,8-Feb,106,12.4,6.7,5.3,7.4,4,11,0.24,0.02,0.06,0.72,0.46,0.6
23,17-Feb,106,11.5,7.3,5.4,3.9,2.5,14,-0.1,0.066666667,0.011111111,-0.388888889,-0.166666667,0.333333333
14,8-Feb,107,2.9,12,6.5,5.6,3.5,8,0,0,0,0,0,0
23,17-Feb,107,4.7,12.3,7.4,5.1,2.5,13,0.2,0.033333333,0.1,-0.055555556,-0.111111111,0.555555556
14,8-Feb,108,8.9,4.5,5.9,3,2.1,3,0,0,0,0,0,0
21,15-Feb,108,12.3,7.7,9.1,6.2,3.2,4,0.485714286,0.457142857,0.457142857,0.457142857,0.157142857,0.142857143
14,8-Feb,109,4,9.6,4.2,6.7,3.5,7,0,0,0,0,0,0
14,8-Feb,110,9.5,5.6,5.6,3.7,4.7,4,0,0,0,0,0,0
14,8-Feb,111,16.3,11.4,8.3,4.8,5.8,5,0,0,0,0,0,0
14,8-Feb,112,11.7,6,6.1,3.8,2.1,4,0,0,0,0,0,0
14,8-Feb,113,3.5,10.2,6.3,4.7,1.8,5,0,0,0,0,0,0
14,8-Feb,114,16,10.3,9.1,3.9,5.2,4,0,0,0,0,0,0
14,8-Feb,115,14.6,7.8,6.1,4.8,1.2,4,0,0,0,0,0,0
23,17-Feb,115,15,4.8,5,10,5.1,5,0.044444444,-0.333333333,-0.122222222,0.577777778,0.433333333,0.111111111
14,8-Feb,116,3.8,8.7,4.9,3.3,1.8,11,0,0,0,0,0,0
14,8-Feb,117,12.5,7.8,5.5,5.1,3.2,4,0,0,0,0,0,0
14,8-Feb,118,3.2,7,5.2,5.1,2.4,7,0,0,0,0,0,0
23,17-Feb,118,4.9,9.4,6.6,6.5,3.9,15,0.188888889,0.266666667,0.155555556,0.155555556,0.166666667,0.888888889
14,8-Feb,119,12.1,6.4,5.5,4.7,3.1,3,0,0,0,0,0,0
14,8-Feb,120,3.1,7.6,3.8,4.5,2.6,8,0,0,0,0,0,0
23,17-Feb,120,4.5,10,5.4,4.2,2.2,9,0.155555556,0.266666667,0.177777778,-0.033333333,-0.044444444,0.111111111
14,8-Feb,121,2.4,1.6,2,1.6,2,1,0,0,0,0,0,0
14,8-Feb,122,7.8,6.5,6.7,3,3.4,4,0,0,0,0,0,0
14,8-Feb,123,6.1,4.3,4.6,2.5,3,4,0,0,0,0,0,0
21,15-Feb,123,13.8,9.6,8.3,6.5,3.6,5,1.1,0.757142857,0.528571429,0.571428571,0.085714286,0.142857143
14,8-Feb,124,7.2,5.5,5.7,1.9,1.1,4,0,0,0,0,0,0
23,17-Feb,124,12,6.3,6.6,8.1,5.1,5,0.533333333,0.088888889,0.1,0.688888889,0.444444444,0.111111111
14,8-Feb,125,5.6,4.5,3.6,2.9,1.8,4,0,0,0,0,0,0
14,8-Feb,126,6,5.5,4.6,3.5,4,4,0,0,0,0,0,0
23,17-Feb,126,11.7,3.4,4,6.4,6,6,0.633333333,-0.233333333,-0.066666667,0.322222222,0.222222222,0.222222222
14,8-Feb,127,6.1,4.6,5.1,2.9,3.8,6,0,0,0,0,0,0
21,15-Feb,127,15.8,8,6.4,3.2,4.1,9,1.385714286,0.485714286,0.185714286,0.042857143,0.042857143,0.428571429
14,8-Feb,128,6.7,4.7,4.8,2.1,2.7,5,0,0,0,0,0,0
14,8-Feb,129,3.7,6.7,3.3,4.9,2.8,9,0,0,0,0,0,0
23,17-Feb,129,7.4,7,3.3,5.6,3.2,18,0.411111111,0.033333333,0,0.077777778,0.044444444,1
14,8-Feb,130,1.8,6.5,4.2,3.6,1.8,16,0,0,0,0,0,0
23,17-Feb,130,8.7,6.6,4.5,4.3,1.9,17,0.766666667,0.011111111,0.033333333,0.077777778,0.011111111,0.111111111
14,8-Feb,131,2.8,2,2.2,2,2.2,3,0,0,0,0,0,0
23,17-Feb,131,6.1,2.1,3.1,3.5,3.6,4,0.366666667,0.011111111,0.1,0.166666667,0.155555556,0.111111111
14,8-Feb,132,2.3,1.7,2.3,1.7,2.3,3,0,0,0,0,0,0
23,17-Feb,132,5.9,2.1,2.9,4,5,4,0.4,0.044444444,0.066666667,0.255555556,0.3,0.111111111
14,8-Feb,133,5.2,3,3.2,2.1,3.1,4,0,0,0,0,0,0
23,17-Feb,133,11.3,4.2,5,6.4,6.7,5,0.677777778,0.133333333,0.2,0.477777778,0.4,0.111111111
14,8-Feb,134,8.3,5.8,6.6,3.7,3.7,6,0,0,0,0,0,0
21,15-Feb,134,11.4,3.6,3.1,5.7,3.8,7,0.442857143,-0.314285714,-0.5,0.285714286,0.014285714,0.142857143
14,8-Feb,135,6.7,6.1,4.1,4.4,3.2,4,0,0,0,0,0,0
23,17-Feb,135,10.5,6.5,6.7,10.1,8.9,7,0.422222222,0.044444444,0.288888889,0.633333333,0.633333333,0.333333333
14,8-Feb,136,9.1,7.4,5.7,4.3,4.9,4,0,0,0,0,0,0
14,8-Feb,137,1.9,3.6,1.7,3.6,1.7,3,0,0,0,0,0,0
23,17-Feb,137,4.8,5.2,3.1,5.2,3.4,6,0.322222222,0.177777778,0.155555556,0.177777778,0.188888889,0.333333333
14,8-Feb,138,3.3,9.8,4.9,5.9,4.1,8,0,0,0,0,0,0
23,17-Feb,138,5.9,10.2,5,4.5,2.6,11,0.288888889,0.044444444,0.011111111,-0.155555556,-0.166666667,0.333333333
14,8-Feb,139,4.9,1.8,2.3,1.8,2.3,3,0,0,0,0,0,0
23,17-Feb,139,11.3,2,2.3,3.3,4.1,4,0.711111111,0.022222222,0,0.166666667,0.2,0.111111111
14,8-Feb,140,1.3,1,1.2,1,1.2,1,0,0,0,0,0,0
14,8-Feb,141,1.8,1.7,2.2,1.7,2.2,2,0,0,0,0,0,0
23,17-Feb,141,3.5,2.9,4.1,4.1,4.6,4,0.188888889,0.133333333,0.211111111,0.266666667,0.266666667,0.222222222
14,8-Feb,142,1.9,2.1,2.8,2.1,2.8,2,0,0,0,0,0,0
14,8-Feb,143,3.7,8.7,4.4,4.2,2.2,7,0,0,0,0,0,0
23,17-Feb,143,7.8,8.5,4.5,5.6,3.3,10,0.455555556,-0.022222222,0.011111111,0.155555556,0.122222222,0.333333333
14,8-Feb,144,3.1,7.9,2.8,3.6,2.4,8,0,0,0,0,0,0
23,17-Feb,144,5.4,7.4,2.6,5.5,3.4,11,0.255555556,-0.055555556,-0.022222222,0.211111111,0.111111111,0.333333333
14,8-Feb,145,3,1.3,1.8,1.3,1.8,1,0,0,0,0,0,0
21,15-Feb,145,5.5,2.1,2.6,2.1,2.6,3,0.357142857,0.114285714,0.114285714,0.114285714,0.114285714,0.285714286
14,8-Feb,146,3.3,1.7,2.1,1.7,2.1,2,0,0,0,0,0,0
21,15-Feb,146,6.3,2.4,3,2.1,2.2,3,0.428571429,0.1,0.128571429,0.057142857,0.014285714,0.142857143
14,8-Feb,147,2,1.4,2.2,1.4,2.2,2,0,0,0,0,0,0
21,15-Feb,147,4.2,1.6,1.8,2.7,3.4,3,0.314285714,0.028571429,-0.057142857,0.185714286,0.171428571,0.142857143
14,8-Feb,148,3.4,1.6,2.2,2.1,2.6,3,0,0,0,0,0,0
23,17-Feb,148,7.6,2.5,3.3,4.7,5.5,4,0.466666667,0.1,0.122222222,0.288888889,0.322222222,0.111111111
23,17-Feb,149,9.1,3.1,3.9,4.7,3.9,5,0,0,0,0,0,0
23,17-Feb,150,5.9,2.1,3.9,5.1,5.6,5,0,0,0,0,0,0
23,17-Feb,151,6.4,1.9,2.1,2.7,2.9,4,0,0,0,0,0,0
23,17-Feb,152,5.1,3.4,4.7,3.5,4.6,4,0,0,0,0,0,0
23,17-Feb,153,3.3,3.1,4.1,2.9,3.1,3,0,0,0,0,0,0
23,17-Feb,154,1.8,1.9,2,1.9,2,2,0,0,0,0,0,0
23,17-Feb,155,1.1,1.2,1.6,1.2,1.6,2,0,0,0,0,0,0
23,17-Feb,156,3.5,2.1,3.2,3.4,3.2,4,0,0,0,0,0,0
,,,,,,,,,,,,,,
,,,,,,,,,,,,,,
,,,,,,,,,,,,,,
,,,,,,,,,,,,,,
,,,,,,,,,,,,,,
,,,,,,,,,,,,,,
,,,,,,,,,,,,,,
,,,,,,,,,,,,,,
,,,,,,,,,,,,,,
,,,,,,,,,,,,,,
,,,,,,,,,,,,,,
,,,,,,,,,,,,,,
,,,,,,,,,,,,,,
,,,,,,,,,,,,,,
,,,,,,,,,,,,,,
,,,,,,,,,,,,,,
,,,,,,,,,,,,,,
,,,,,,,,,,,,,,
,,,,,,,,,,,,,,
,,,,,,,,,,,,,,
,,,,,,,,,,,,,,
,,,,,,,,,,,,,,
,,,,,,,,,,,,,,
,,,,,,,,,,,,,,
,,,,,,,,,,,,,,
,,,,,,,,,,,,,,
,,,,,,,,,,,,,,
,,,,,,,,,,,,,,
,,,,,,,,,,,,,,
,,,,,,,,,,,,,,
,,,,,,,,,,,,,,
,,,,,,,,,,,,,,
,,,,,,,,,,,,,,
,,,,,,,,,,,,,,
,,,,,,,,,,,,,,
,,,,,,,,,,,,,,
,,,,,,,,,,,,,,
,,,,,,,,,,,,,,
,,,,,,,,,,,,,,
,,,,,,,,,,,,,,
,,,,,,,,,,,,,,
,,,,,,,,,,,,,,
,,,,,,,,,,,,,,
,,,,,,,,,,,,,,
,,,,,,,,,,,,,,
,,,,,,,,,,,,,,
,,,,,,,,,,,,,,
,,,,,,,,,,,,,,
,,,,,,,,,,,,,,
,,,,,,,,,,,,,,
,,,,,,,,,,,,,,
,,,,,,,,,,,,,,
,,,,,,,,,,,,,,
,,,,,,,,,,,,,,
,,,,,,,,,,,,,,
,,,,,,,,,,,,,,
,,,,,,,,,,,,,,
,,,,,,,,,,,,,,
,,,,,,,,,,,,,,
,,,,,,,,,,,,,,
,,,,,,,,,,,,,,
,,,,,,,,,,,,,,
,,,,,,,,,,,,,,
,,,,,,,,,,,,,,
,,,,,,,,,,,,,,
,,,,,,,,,,,,,,
,,,,,,,,,,,,,,
,,,,,,,,,,,,,,
,,,,,,,,,,,,,,
,,,,,,,,,,,,,,
,,,,,,,,,,,,,,
,,,,,,,,,,,,,,
,,,,,,,,,,,,,,
,,,,,,,,,,,,,,
,,,,,,,,,,,,,,
,,,,,,,,,,,,,,
,,,,,,,,,,,,,,
,,,,,,,,,,,,,,
,,,,,,,,,,,,,,
,,,,,,,,,,,,,,
,,,,,,,,,,,,,,
,,,,,,,,,,,,,,
,,,,,,,,,,,,,,
,,,,,,,,,,,,,,
,,,,,,,,,,,,,,
,,,,,,,,,,,,,,
,,,,,,,,,,,,,,
,,,,,,,,,,,,,,
,,,,,,,,,,,,,,
,,,,,,,,,,,,,,
,,,,,,,,,,,,,,
,,,,,,,,,,,,,,
,,,,,,,,,,,,,,
,,,,,,,,,,,,,,
,,,,,,,,,,,,,,
,,,,,,,,,,,,,,
,,,,,,,,,,,,,,
,,,,,,,,,,,,,,
,,,,,,,,,,,,,,
,,,,,,,,,,,,,,
,,,,,,,,,,,,,,
,,,,,,,,,,,,,,
,,,,,,,,,,,,,,
,,,,,,,,,,,,,,
,,,,,,,,,,,,,,
,,,,,,,,,,,,,,
,,,,,,,,,,,,,,
,,,,,,,,,,,,,,
,,,,,,,,,,,,,,
,,,,,,,,,,,,,,
,,,,,,,,,,,,,,
,,,,,,,,,,,,,,
,,,,,,,,,,,,,,
,,,,,,,,,,,,,,
,,,,,,,,,,,,,,
,,,,,,,,,,,,,,
,,,,,,,,,,,,,,
,,,,,,,,,,,,,,
,,,,,,,,,,,,,,
,,,,,,,,,,,,,,
,,,,,,,,,,,,,,
,,,,,,,,,,,,,,
,,,,,,,,,,,,,,
,,,,,,,,,,,,,,
,,,,,,,,,,,,,,
,,,,,,,,,,,,,,
,,,,,,,,,,,,,,
,,,,,,,,,,,,,,
,,,,,,,,,,,,,,
,,,,,,,,,,,,,,
,,,,,,,,,,,,,,
,,,,,,,,,,,,,,
,,,,,,,,,,,,,,
,,,,,,,,,,,,,,
,,,,,,,,,,,,,,
,,,,,,,,,,,,,,
,,,,,,,,,,,,,,
,,,,,,,,,,,,,,
,,,,,,,,,,,,,,
,,,,,,,,,,,,,,
,,,,,,,,,,,,,,
,,,,,,,,,,,,,,
,,,,,,,,,,,,,,
,,,,,,,,,,,,,,
,,,,,,,,,,,,,,
,,,,,,,,,,,,,,
,,,,,,,,,,,,,,
,,,,,,,,,,,,,,
,,,,,,,,,,,,,,
,,,,,,,,,,,,,,
,,,,,,,,,,,,,,
,,,,,,,,,,,,,,
,,,,,,,,,,,,,,
,,,,,,,,,,,,,,
,,,,,,,,,,,,,,
,,,,,,,,,,,,,,
,,,,,,,,,,,,,,
,,,,,,,,,,,,,,
,,,,,,,,,,,,,,
,,,,,,,,,,,,,,
,,,,,,,,,,,,,,
,,,,,,,,,,,,,,
,,,,,,,,,,,,,,
,,,,,,,,,,,,,,
,,,,,,,,,,,,,,
,,,,,,,,,,,,,,
,,,,,,,,,,,,,,
,,,,,,,,,,,,,,
,,,,,,,,,,,,,,
,,,,,,,,,,,,,,
,,,,,,,,,,,,,,
,,,,,,,,,,,,,,
,,,,,,,,,,,,,,
,,,,,,,,,,,,,,
,,,,,,,,,,,,,,
,,,,,,,,,,,,,,
,,,,,,,,,,,,,,
,,,,,,,,,,,,,,
,,,,,,,,,,,,,,
,,,,,,,,,,,,,,
,,,,,,,,,,,,,,
,,,,,,,,,,,,,,
,,,,,,,,,,,,,,
,,,,,,,,,,,,,,
,,,,,,,,,,,,,,
,,,,,,,,,,,,,,
,,,,,,,,,,,,,,
,,,,,,,,,,,,,,
,,,,,,,,,,,,,,
,,,,,,,,,,,,,,
,,,,,,,,,,,,,,
,,,,,,,,,,,,,,
,,,,,,,,,,,,,,
,,,,,,,,,,,,,,
,,,,,,,,,,,,,,
,,,,,,,,,,,,,,
,,,,,,,,,,,,,,
,,,,,,,,,,,,,,
,,,,,,,,,,,,,,
,,,,,,,,,,,,,,
,,,,,,,,,,,,,,
,,,,,,,,,,,,,,
,,,,,,,,,,,,,,
,,,,,,,,,,,,,,
,,,,,,,,,,,,,,
,,,,,,,,,,,,,,
,,,,,,,,,,,,,,
,,,,,,,,,,,,,,
,,,,,,,,,,,,,,
,,,,,,,,,,,,,,
,,,,,,,,,,,,,,
,,,,,,,,,,,,,,
,,,,,,,,,,,,,,
,,,,,,,,,,,,,,
,,,,,,,,,,,,,,
,,,,,,,,,,,,,,
,,,,,,,,,,,,,,
,,,,,,,,,,,,,,
,,,,,,,,,,,,,,
,,,,,,,,,,,,,,
,,,,,,,,,,,,,,
,,,,,,,,,,,,,,
,,,,,,,,,,,,,,
,,,,,,,,,,,,,,
,,,,,,,,,,,,,,
,,,,,,,,,,,,,,
,,,,,,,,,,,,,,
,,,,,,,,,,,,,,
,,,,,,,,,,,,,,
,,,,,,,,,,,,,,
,,,,,,,,,,,,,,
,,,,,,,,,,,,,,
,,,,,,,,,,,,,,
,,,,,,,,,,,,,,
,,,,,,,,,,,,,,
,,,,,,,,,,,,,,
,,,,,,,,,,,,,,
,,,,,,,,,,,,,,
,,,,,,,,,,,,,,
,,,,,,,,,,,,,,
,,,,,,,,,,,,,,
,,,,,,,,,,,,,,
,,,,,,,,,,,,,,
,,,,,,,,,,,,,,
,,,,,,,,,,,,,,
,,,,,,,,,,,,,,
,,,,,,,,,,,,,,
,,,,,,,,,,,,,,
,,,,,,,,,,,,,,
,,,,,,,,,,,,,,
,,,,,,,,,,,,,,
,,,,,,,,,,,,,,
,,,,,,,,,,,,,,
,,,,,,,,,,,,,,
,,,,,,,,,,,,,,
,,,,,,,,,,,,,,
,,,,,,,,,,,,,,
,,,,,,,,,,,,,,
,,,,,,,,,,,,,,
,,,,,,,,,,,,,,
,,,,,,,,,,,,,,
,,,,,,,,,,,,,,
,,,,,,,,,,,,,,
,,,,,,,,,,,,,,
,,,,,,,,,,,,,,
,,,,,,,,,,,,,,
,,,,,,,,,,,,,,
,,,,,,,,,,,,,,
,,,,,,,,,,,,,,
,,,,,,,,,,,,,,
,,,,,,,,,,,,,,
,,,,,,,,,,,,,,
,,,,,,,,,,,,,,
,,,,,,,,,,,,,,
,,,,,,,,,,,,,,
,,,,,,,,,,,,,,
,,,,,,,,,,,,,,
,,,,,,,,,,,,,,
,,,,,,,,,,,,,,
,,,,,,,,,,,,,,
,,,,,,,,,,,,,,
,,,,,,,,,,,,,,
,,,,,,,,,,,,,,
,,,,,,,,,,,,,,
,,,,,,,,,,,,,,
,,,,,,,,,,,,,,
,,,,,,,,,,,,,,
,,,,,,,,,,,,,,
,,,,,,,,,,,,,,
,,,,,,,,,,,,,,
,,,,,,,,,,,,,,
,,,,,,,,,,,,,,
,,,,,,,,,,,,,,
,,,,,,,,,,,,,,
,,,,,,,,,,,,,,
,,,,,,,,,,,,,,
,,,,,,,,,,,,,,
,,,,,,,,,,,,,,
,,,,,,,,,,,,,,
,,,,,,,,,,,,,,
,,,,,,,,,,,,,,
,,,,,,,,,,,,,,
,,,,,,,,,,,,,,
,,,,,,,,,,,,,,
,,,,,,,,,,,,,,
,,,,,,,,,,,,,,
,,,,,,,,,,,,,,
,,,,,,,,,,,,,,
,,,,,,,,,,,,,,
,,,,,,,,,,,,,,
,,,,,,,,,,,,,,
,,,,,,,,,,,,,,
,,,,,,,,,,,,,,
,,,,,,,,,,,,,,
,,,,,,,,,,,,,,
,,,,,,,,,,,,,,
,,,,,,,,,,,,,,
,,,,,,,,,,,,,,
,,,,,,,,,,,,,,
,,,,,,,,,,,,,,
,,,,,,,,,,,,,,
,,,,,,,,,,,,,,
,,,,,,,,,,,,,,
,,,,,,,,,,,,,,
,,,,,,,,,,,,,,
,,,,,,,,,,,,,,
,,,,,,,,,,,,,,
,,,,,,,,,,,,,,
,,,,,,,,,,,,,,
,,,,,,,,,,,,,,
,,,,,,,,,,,,,,
,,,,,,,,,,,,,,
,,,,,,,,,,,,,,
,,,,,,,,,,,,,,
,,,,,,,,,,,,,,
,,,,,,,,,,,,,,
,,,,,,,,,,,,,,
,,,,,,,,,,,,,,
,,,,,,,,,,,,,,
,,,,,,,,,,,,,,
,,,,,,,,,,,,,,
,,,,,,,,,,,,,,
,,,,,,,,,,,,,,
,,,,,,,,,,,,,,
,,,,,,,,,,,,,,
,,,,,,,,,,,,,,
,,,,,,,,,,,,,,
,,,,,,,,,,,,,,
,,,,,,,,,,,,,,
,,,,,,,,,,,,,,
,,,,,,,,,,,,,,
,,,,,,,,,,,,,,
,,,,,,,,,,,,,,
,,,,,,,,,,,,,,
,,,,,,,,,,,,,,
,,,,,,,,,,,,,,
,,,,,,,,,,,,,,
,,,,,,,,,,,,,,
,,,,,,,,,,,,,,
,,,,,,,,,,,,,,
,,,,,,,,,,,,,,
,,,,,,,,,,,,,,
,,,,,,,,,,,,,,
,,,,,,,,,,,,,,
,,,,,,,,,,,,,,
,,,,,,,,,,,,,,
,,,,,,,,,,,,,,
,,,,,,,,,,,,,,
,,,,,,,,,,,,,,
,,,,,,,,,,,,,,
,,,,,,,,,,,,,,
,,,,,,,,,,,,,,
,,,,,,,,,,,,,,
,,,,,,,,,,,,,,
,,,,,,,,,,,,,,
,,,,,,,,,,,,,,
,,,,,,,,,,,,,,
,,,,,,,,,,,,,,
,,,,,,,,,,,,,,
,,,,,,,,,,,,,,
,,,,,,,,,,,,,,
,,,,,,,,,,,,,,
,,,,,,,,,,,,,,
,,,,,,,,,,,,,,
,,,,,,,,,,,,,,
,,,,,,,,,,,,,,
,,,,,,,,,,,,,,
,,,,,,,,,,,,,,
,,,,,,,,,,,,,,
,,,,,,,,,,,,,,
,,,,,,,,,,,,,,
,,,,,,,,,,,,,,
,,,,,,,,,,,,,,
,,,,,,,,,,,,,,
,,,,,,,,,,,,,,
,,,,,,,,,,,,,,
,,,,,,,,,,,,,,
,,,,,,,,,,,,,,
,,,,,,,,,,,,,,
,,,,,,,,,,,,,,
,,,,,,,,,,,,,,
,,,,,,,,,,,,,,
,,,,,,,,,,,,,,
,,,,,,,,,,,,,,
,,,,,,,,,,,,,,
,,,,,,,,,,,,,,
,,,,,,,,,,,,,,
,,,,,,,,,,,,,,
,,,,,,,,,,,,,,
,,,,,,,,,,,,,,
,,,,,,,,,,,,,,
,,,,,,,,,,,,,,
,,,,,,,,,,,,,,
,,,,,,,,,,,,,,
,,,,,,,,,,,,,,
,,,,,,,,,,,,,,
,,,,,,,,,,,,,,
,,,,,,,,,,,,,,
,,,,,,,,,,,,,,
,,,,,,,,,,,,,,
,,,,,,,,,,,,,,
,,,,,,,,,,,,,,
,,,,,,,,,,,,,,
,,,,,,,,,,,,,,
,,,,,,,,,,,,,,
,,,,,,,,,,,,,,
,,,,,,,,,,,,,,
,,,,,,,,,,,,,,
,,,,,,,,,,,,,,
,,,,,,,,,,,,,,
,,,,,,,,,,,,,,
,,,,,,,,,,,,,,
,,,,,,,,,,,,,,
,,,,,,,,,,,,,,
,,,,,,,,,,,,,,
,,,,,,,,,,,,,,
,,,,,,,,,,,,,,
,,,,,,,,,,,,,,
,,,,,,,,,,,,,,
,,,,,,,,,,,,,,
,,,,,,,,,,,,,,
,,,,,,,,,,,,,,
,,,,,,,,,,,,,,
,,,,,,,,,,,,,,
,,,,,,,,,,,,,,
,,,,,,,,,,,,,,
,,,,,,,,,,,,,,
,,,,,,,,,,,,,,
,,,,,,,,,,,,,,
,,,,,,,,,,,,,,
,,,,,,,,,,,,,,
,,,,,,,,,,,,,,
,,,,,,,,,,,,,,
,,,,,,,,,,,,,,
,,,,,,,,,,,,,,
,,,,,,,,,,,,,,
,,,,,,,,,,,,,,
,,,,,,,,,,,,,,
,,,,,,,,,,,,,,
,,,,,,,,,,,,,,
,,,,,,,,,,,,,,
,,,,,,,,,,,,,,
,,,,,,,,,,,,,,
,,,,,,,,,,,,,,
,,,,,,,,,,,,,,
,,,,,,,,,,,,,,
,,,,,,,,,,,,,,
,,,,,,,,,,,,,,
,,,,,,,,,,,,,,
,,,,,,,,,,,,,,
,,,,,,,,,,,,,,